Hour,Stock,Percentage Change
2022-06-15 13:15:59.919310,BTC-USD,1.6944359239281264
2022-06-15 11:15:59.919310,BTC-USD,1.6944359239281264
2022-06-15 10:15:59.919310,BTC-USD,1.6944359239281264
2022-06-15 08:15:59.919310,BTC-USD,1.6944359239281264
2022-06-15 07:15:59.919310,BTC-USD,1.6944359239281264
2022-06-15 06:15:59.919310,BTC-USD,1.6944359239281264
2022-06-15 05:15:59.919310,BTC-USD,1.6944359239281264
2022-06-15 04:15:59.919310,BTC-USD,1.6944359239281264
2022-06-15 03:15:59.919310,BTC-USD,1.6944359239281264
2022-06-15 01:15:59.919310,BTC-USD,1.6944359239281264
2022-06-15 00:15:59.919310,BTC-USD,1.6944359239281264
2022-06-14 23:15:59.919310,BTC-USD,-1.2504159121767187
2022-06-14 22:15:59.919310,BTC-USD,-1.2504159121767187
2022-06-14 21:15:59.919310,BTC-USD,-1.2504159121767187
2022-06-14 20:15:59.919310,BTC-USD,-1.2504159121767187
2022-06-14 19:15:59.919310,BTC-USD,-1.2504159121767187
2022-06-14 15:15:59.919310,BTC-USD,-1.2504159121767187
2022-06-14 11:15:59.919310,BTC-USD,-1.2504159121767187
2022-06-14 10:15:59.919310,BTC-USD,-1.2504159121767187
2022-06-14 08:15:59.919310,BTC-USD,-1.2504159121767187
2022-06-14 05:15:59.919310,BTC-USD,-1.2504159121767187
2022-06-14 04:15:59.919310,BTC-USD,-1.2504159121767187
2022-06-14 02:15:59.919310,BTC-USD,-1.2504159121767187
2022-06-13 22:15:59.919310,BTC-USD,-15.895940287692007
2022-06-13 18:15:59.919310,BTC-USD,-15.895940287692007
2022-06-13 13:15:59.919310,BTC-USD,-15.895940287692007
2022-06-13 08:15:59.919310,BTC-USD,-15.895940287692007
2022-06-13 03:15:59.919310,BTC-USD,-15.895940287692007
2022-06-12 22:15:59.919310,BTC-USD,-5.677355483722681
2022-06-12 21:15:59.919310,BTC-USD,-5.677355483722681
2022-06-12 15:15:59.919310,BTC-USD,-5.677355483722681
2022-06-12 14:15:59.919310,BTC-USD,-5.677355483722681
2022-06-12 07:15:59.919310,BTC-USD,-5.677355483722681
2022-06-12 05:15:59.919310,BTC-USD,-5.677355483722681
2022-06-12 01:15:59.919310,BTC-USD,-5.677355483722681
2022-06-12 00:15:59.919310,BTC-USD,-5.677355483722681
2022-06-11 23:15:59.919310,BTC-USD,-2.488787281796968
2022-06-11 18:15:59.919310,BTC-USD,-2.488787281796968
2022-06-11 15:15:59.919310,BTC-USD,-2.488787281796968
2022-06-11 13:15:59.919310,BTC-USD,-2.488787281796968
2022-06-11 09:15:59.919310,BTC-USD,-2.488787281796968
2022-06-11 07:15:59.919310,BTC-USD,-2.488787281796968
2022-06-11 06:15:59.919310,BTC-USD,-2.488787281796968
2022-06-11 05:15:59.919310,BTC-USD,-2.488787281796968
2022-06-11 04:15:59.919310,BTC-USD,-2.488787281796968
2022-06-11 02:15:59.919310,BTC-USD,-2.488787281796968
2022-06-11 00:15:59.919310,BTC-USD,-2.488787281796968
2022-06-10 21:15:59.919310,BTC-USD,-3.4092133429343088
2022-06-10 18:15:59.919310,BTC-USD,-3.4092133429343088
2022-06-10 15:15:59.919310,BTC-USD,-3.4092133429343088
2022-06-10 13:15:59.919310,BTC-USD,-3.4092133429343088
2022-06-10 12:15:59.919310,BTC-USD,-3.4092133429343088
2022-06-10 11:15:59.919310,BTC-USD,-3.4092133429343088
2022-06-10 08:15:59.919310,BTC-USD,-3.4092133429343088
2022-06-10 07:15:59.919310,BTC-USD,-3.4092133429343088
2022-06-10 06:15:59.919310,BTC-USD,-3.4092133429343088
2022-06-10 00:15:59.919310,BTC-USD,-3.4092133429343088
2022-06-09 22:15:59.919310,BTC-USD,-0.34181795569462703
2022-06-09 21:15:59.919310,BTC-USD,-0.34181795569462703
2022-06-09 20:15:59.919310,BTC-USD,-0.34181795569462703
2022-06-09 19:15:59.919310,BTC-USD,-0.34181795569462703
2022-06-09 17:15:59.919310,BTC-USD,-0.34181795569462703
2022-06-09 15:15:59.919310,BTC-USD,-0.34181795569462703
2022-06-09 14:15:59.919310,BTC-USD,-0.34181795569462703
2022-06-09 12:15:59.919310,BTC-USD,-0.34181795569462703
2022-06-09 10:15:59.919310,BTC-USD,-0.34181795569462703
2022-06-09 08:15:59.919310,BTC-USD,-0.34181795569462703
2022-06-09 06:15:59.919310,BTC-USD,-0.34181795569462703
2022-06-09 05:15:59.919310,BTC-USD,-0.34181795569462703
2022-06-09 03:15:59.919310,BTC-USD,-0.34181795569462703
2022-06-09 02:15:59.919310,BTC-USD,-0.34181795569462703
2022-06-09 01:15:59.919310,BTC-USD,-0.34181795569462703
2022-06-08 23:15:59.919310,BTC-USD,-3.0082839913181294
2022-06-08 22:15:59.919310,BTC-USD,-3.0082839913181294
2022-06-08 17:15:59.919310,BTC-USD,-3.0082839913181294
2022-06-08 15:15:59.919310,BTC-USD,-3.0082839913181294
2022-06-08 05:15:59.919310,BTC-USD,-3.0082839913181294
2022-06-08 04:15:59.919310,BTC-USD,-3.0082839913181294
2022-06-08 03:15:59.919310,BTC-USD,-3.0082839913181294
2022-06-08 00:15:59.919310,BTC-USD,-3.0082839913181294
2022-06-07 23:15:59.919310,BTC-USD,-0.6893581828591265
2022-06-07 18:15:59.919310,BTC-USD,-0.6893581828591265
2022-06-07 17:15:59.919310,BTC-USD,-0.6893581828591265
2022-06-07 14:15:59.919310,BTC-USD,-0.6893581828591265
2022-06-07 10:15:59.919310,BTC-USD,-0.6893581828591265
2022-06-07 09:15:59.919310,BTC-USD,-0.6893581828591265
2022-06-07 08:15:59.919310,BTC-USD,-0.6893581828591265
2022-06-07 07:15:59.919310,BTC-USD,-0.6893581828591265
2022-06-07 05:15:59.919310,BTC-USD,-0.6893581828591265
2022-06-06 22:15:59.919310,BTC-USD,4.88256383918966
2022-06-06 15:15:59.919310,BTC-USD,4.88256383918966
2022-06-06 13:15:59.919310,BTC-USD,4.88256383918966
2022-06-06 10:15:59.919310,BTC-USD,4.88256383918966
2022-06-06 09:15:59.919310,BTC-USD,4.88256383918966
2022-06-06 07:15:59.919310,BTC-USD,4.88256383918966
2022-06-06 06:15:59.919310,BTC-USD,4.88256383918966
2022-06-06 05:15:59.919310,BTC-USD,4.88256383918966
2022-06-06 03:15:59.919310,BTC-USD,4.88256383918966
2022-06-05 23:15:59.919310,BTC-USD,0.23980104192443102
2022-06-05 18:15:59.919310,BTC-USD,0.23980104192443102
2022-06-05 12:15:59.919310,BTC-USD,0.23980104192443102
2022-06-05 10:15:59.919310,BTC-USD,0.23980104192443102
2022-06-05 08:15:59.919310,BTC-USD,0.23980104192443102
2022-06-05 02:15:59.919310,BTC-USD,0.23980104192443102
2022-06-05 01:15:59.919310,BTC-USD,0.23980104192443102
2022-06-04 23:15:59.919310,BTC-USD,0.4267649593416449
2022-06-04 20:15:59.919310,BTC-USD,0.4267649593416449
2022-06-04 19:15:59.919310,BTC-USD,0.4267649593416449
2022-06-04 11:15:59.919310,BTC-USD,0.4267649593416449
2022-06-04 02:15:59.919310,BTC-USD,0.4267649593416449
2022-06-04 00:15:59.919310,BTC-USD,0.4267649593416449
2022-06-03 22:15:59.919310,BTC-USD,-2.50564809154027
2022-06-03 18:15:59.919310,BTC-USD,-2.50564809154027
2022-06-03 16:15:59.919310,BTC-USD,-2.50564809154027
2022-06-03 12:15:59.919310,BTC-USD,-2.50564809154027
2022-06-03 11:15:59.919310,BTC-USD,-2.50564809154027
2022-06-03 10:15:59.919310,BTC-USD,-2.50564809154027
2022-06-03 07:15:59.919310,BTC-USD,-2.50564809154027
2022-06-03 06:15:59.919310,BTC-USD,-2.50564809154027
2022-06-03 05:15:59.919310,BTC-USD,-2.50564809154027
2022-06-03 04:15:59.919310,BTC-USD,-2.50564809154027
2022-06-03 03:15:59.919310,BTC-USD,-2.50564809154027
2022-06-03 02:15:59.919310,BTC-USD,-2.50564809154027
2022-06-03 00:15:59.919310,BTC-USD,-2.50564809154027
2022-06-02 23:15:59.919310,BTC-USD,2.2574261631477293
2022-06-02 20:15:59.919310,BTC-USD,2.2574261631477293
2022-06-02 18:15:59.919310,BTC-USD,2.2574261631477293
2022-06-02 13:15:59.919310,BTC-USD,2.2574261631477293
2022-06-02 11:15:59.919310,BTC-USD,2.2574261631477293
2022-06-02 09:15:59.919310,BTC-USD,2.2574261631477293
2022-06-02 06:15:59.919310,BTC-USD,2.2574261631477293
2022-06-02 05:15:59.919310,BTC-USD,2.2574261631477293
2022-06-02 04:15:59.919310,BTC-USD,2.2574261631477293
2022-06-02 03:15:59.919310,BTC-USD,2.2574261631477293
2022-06-02 02:15:59.919310,BTC-USD,2.2574261631477293
2022-06-01 23:15:59.919310,BTC-USD,-6.270256130624137
2022-06-01 18:15:59.919310,BTC-USD,-6.270256130624137
2022-06-01 13:15:59.919310,BTC-USD,-6.270256130624137
2022-06-01 12:15:59.919310,BTC-USD,-6.270256130624137
2022-06-01 09:15:59.919310,BTC-USD,-6.270256130624137
2022-06-01 08:15:59.919310,BTC-USD,-6.270256130624137
2022-06-01 03:15:59.919310,BTC-USD,-6.270256130624137
2022-06-01 02:15:59.919310,BTC-USD,-6.270256130624137
2022-05-31 18:15:59.919310,BTC-USD,0.21575338312128114
2022-05-31 17:15:59.919310,BTC-USD,0.21575338312128114
2022-05-31 16:15:59.919310,BTC-USD,0.21575338312128114
2022-05-31 15:15:59.919310,BTC-USD,0.21575338312128114
2022-05-31 13:15:59.919310,BTC-USD,0.21575338312128114
2022-05-31 12:15:59.919310,BTC-USD,0.21575338312128114
2022-05-31 11:15:59.919310,BTC-USD,0.21575338312128114
2022-05-31 09:15:59.919310,BTC-USD,0.21575338312128114
2022-05-31 08:15:59.919310,BTC-USD,0.21575338312128114
2022-05-31 03:15:59.919310,BTC-USD,0.21575338312128114
2022-05-31 01:15:59.919310,BTC-USD,0.21575338312128114
2022-05-31 00:15:59.919310,BTC-USD,0.21575338312128114
2022-05-30 22:15:59.919310,BTC-USD,7.753955339179701
2022-05-30 21:15:59.919310,BTC-USD,7.753955339179701
2022-05-30 20:15:59.919310,BTC-USD,7.753955339179701
2022-05-30 19:15:59.919310,BTC-USD,7.753955339179701
2022-05-30 18:15:59.919310,BTC-USD,7.753955339179701
2022-05-30 16:15:59.919310,BTC-USD,7.753955339179701
2022-05-30 15:15:59.919310,BTC-USD,7.753955339179701
2022-05-30 10:15:59.919310,BTC-USD,7.753955339179701
2022-05-30 07:15:59.919310,BTC-USD,7.753955339179701
2022-05-30 05:15:59.919310,BTC-USD,7.753955339179701
2022-05-30 04:15:59.919310,BTC-USD,7.753955339179701
2022-05-30 00:15:59.919310,BTC-USD,7.753955339179701
2022-05-29 22:15:59.919310,BTC-USD,1.4682694479509322
2022-05-29 19:15:59.919310,BTC-USD,1.4682694479509322
2022-05-29 17:15:59.919310,BTC-USD,1.4682694479509322
2022-05-29 15:15:59.919310,BTC-USD,1.4682694479509322
2022-05-29 14:15:59.919310,BTC-USD,1.4682694479509322
2022-05-29 13:15:59.919310,BTC-USD,1.4682694479509322
2022-05-29 12:15:59.919310,BTC-USD,1.4682694479509322
2022-05-29 09:15:59.919310,BTC-USD,1.4682694479509322
2022-05-29 06:15:59.919310,BTC-USD,1.4682694479509322
2022-05-29 05:15:59.919310,BTC-USD,1.4682694479509322
2022-05-29 03:15:59.919310,BTC-USD,1.4682694479509322
2022-05-29 00:15:59.919310,BTC-USD,1.4682694479509322
2022-05-28 23:15:59.919310,BTC-USD,0.671760156956254
2022-05-28 22:15:59.919310,BTC-USD,0.671760156956254
2022-05-28 20:15:59.919310,BTC-USD,0.671760156956254
2022-05-28 19:15:59.919310,BTC-USD,0.671760156956254
2022-05-28 05:15:59.919310,BTC-USD,0.671760156956254
2022-05-28 04:15:59.919310,BTC-USD,0.671760156956254
2022-05-28 02:15:59.919310,BTC-USD,0.671760156956254
2022-05-28 01:15:59.919310,BTC-USD,0.671760156956254
2022-05-28 00:15:59.919310,BTC-USD,0.671760156956254
2022-05-27 23:15:59.919310,BTC-USD,-2.131767831703144
2022-05-27 21:15:59.919310,BTC-USD,-2.131767831703144
2022-05-27 20:15:59.919310,BTC-USD,-2.131767831703144
2022-05-27 19:15:59.919310,BTC-USD,-2.131767831703144
2022-05-27 17:15:59.919310,BTC-USD,-2.131767831703144
2022-05-27 16:15:59.919310,BTC-USD,-2.131767831703144
2022-05-27 10:15:59.919310,BTC-USD,-2.131767831703144
2022-05-27 09:15:59.919310,BTC-USD,-2.131767831703144
2022-05-27 08:15:59.919310,BTC-USD,-2.131767831703144
2022-05-27 05:15:59.919310,BTC-USD,-2.131767831703144
2022-05-27 02:15:59.919310,BTC-USD,-2.131767831703144
2022-05-27 01:15:59.919310,BTC-USD,-2.131767831703144
2022-05-26 19:15:59.919310,BTC-USD,-1.0064433461322944
2022-05-26 16:15:59.919310,BTC-USD,-1.0064433461322944
2022-05-26 11:15:59.919310,BTC-USD,-1.0064433461322944
2022-05-26 09:15:59.919310,BTC-USD,-1.0064433461322944
2022-05-26 02:15:59.919310,BTC-USD,-1.0064433461322944
2022-05-25 23:15:59.919310,BTC-USD,-0.3061175090507729
2022-05-25 22:15:59.919310,BTC-USD,-0.3061175090507729
2022-05-25 19:15:59.919310,BTC-USD,-0.3061175090507729
2022-05-25 18:15:59.919310,BTC-USD,-0.3061175090507729
2022-05-25 16:15:59.919310,BTC-USD,-0.3061175090507729
2022-05-25 15:15:59.919310,BTC-USD,-0.3061175090507729
2022-05-25 14:15:59.919310,BTC-USD,-0.3061175090507729
2022-05-25 12:15:59.919310,BTC-USD,-0.3061175090507729
2022-05-25 11:15:59.919310,BTC-USD,-0.3061175090507729
2022-05-25 10:15:59.919310,BTC-USD,-0.3061175090507729
2022-05-25 07:15:59.919310,BTC-USD,-0.3061175090507729
2022-05-25 06:15:59.919310,BTC-USD,-0.3061175090507729
2022-05-25 03:15:59.919310,BTC-USD,-0.3061175090507729
2022-05-25 02:15:59.919310,BTC-USD,-0.3061175090507729
2022-05-25 01:15:59.919310,BTC-USD,-0.3061175090507729
2022-05-24 23:15:59.919310,BTC-USD,1.9052903882581858
2022-05-24 21:15:59.919310,BTC-USD,1.9052903882581858
2022-05-24 17:15:59.919310,BTC-USD,1.9052903882581858
2022-05-24 15:15:59.919310,BTC-USD,1.9052903882581858
2022-05-24 14:15:59.919310,BTC-USD,1.9052903882581858
2022-05-24 13:15:59.919310,BTC-USD,1.9052903882581858
2022-05-24 10:15:59.919310,BTC-USD,1.9052903882581858
2022-05-24 06:15:59.919310,BTC-USD,1.9052903882581858
2022-05-24 05:15:59.919310,BTC-USD,1.9052903882581858
2022-05-24 03:15:59.919310,BTC-USD,1.9052903882581858
2022-05-24 02:15:59.919310,BTC-USD,1.9052903882581858
2022-05-24 00:15:59.919310,BTC-USD,1.9052903882581858
2022-05-23 20:15:59.919310,BTC-USD,-3.9937658565686913
2022-05-23 19:15:59.919310,BTC-USD,-3.9937658565686913
2022-05-23 14:15:59.919310,BTC-USD,-3.9937658565686913
2022-05-23 13:15:59.919310,BTC-USD,-3.9937658565686913
2022-05-23 10:15:59.919310,BTC-USD,-3.9937658565686913
2022-05-23 07:15:59.919310,BTC-USD,-3.9937658565686913
2022-05-23 05:15:59.919310,BTC-USD,-3.9937658565686913
2022-05-23 03:15:59.919310,BTC-USD,-3.9937658565686913
2022-05-23 02:15:59.919310,BTC-USD,-3.9937658565686913
2022-05-22 19:15:59.919310,BTC-USD,3.0281179920190726
2022-05-22 18:15:59.919310,BTC-USD,3.0281179920190726
2022-05-22 17:15:59.919310,BTC-USD,3.0281179920190726
2022-05-22 16:15:59.919310,BTC-USD,3.0281179920190726
2022-05-22 14:15:59.919310,BTC-USD,3.0281179920190726
2022-05-22 12:15:59.919310,BTC-USD,3.0281179920190726
2022-05-22 11:15:59.919310,BTC-USD,3.0281179920190726
2022-05-22 10:15:59.919310,BTC-USD,3.0281179920190726
2022-05-22 09:15:59.919310,BTC-USD,3.0281179920190726
2022-05-22 07:15:59.919310,BTC-USD,3.0281179920190726
2022-05-22 06:15:59.919310,BTC-USD,3.0281179920190726
2022-05-22 03:15:59.919310,BTC-USD,3.0281179920190726
2022-05-21 22:15:59.919310,BTC-USD,0.7957818718091002
2022-05-21 21:15:59.919310,BTC-USD,0.7957818718091002
2022-05-21 20:15:59.919310,BTC-USD,0.7957818718091002
2022-05-21 17:15:59.919310,BTC-USD,0.7957818718091002
2022-05-21 15:15:59.919310,BTC-USD,0.7957818718091002
2022-05-21 13:15:59.919310,BTC-USD,0.7957818718091002
2022-05-21 10:15:59.919310,BTC-USD,0.7957818718091002
2022-05-21 09:15:59.919310,BTC-USD,0.7957818718091002
2022-05-21 07:15:59.919310,BTC-USD,0.7957818718091002
2022-05-21 06:15:59.919310,BTC-USD,0.7957818718091002
2022-05-21 04:15:59.919310,BTC-USD,0.7957818718091002
2022-05-21 03:15:59.919310,BTC-USD,0.7957818718091002
2022-05-21 01:15:59.919310,BTC-USD,0.7957818718091002
2022-05-20 23:15:59.919310,BTC-USD,-3.6632725472739
2022-05-20 21:15:59.919310,BTC-USD,-3.6632725472739
2022-05-20 20:15:59.919310,BTC-USD,-3.6632725472739
2022-05-20 17:15:59.919310,BTC-USD,-3.6632725472739
2022-05-20 16:15:59.919310,BTC-USD,-3.6632725472739
2022-05-20 15:15:59.919310,BTC-USD,-3.6632725472739
2022-05-20 14:15:59.919310,BTC-USD,-3.6632725472739
2022-05-20 13:15:59.919310,BTC-USD,-3.6632725472739
2022-05-20 12:15:59.919310,BTC-USD,-3.6632725472739
2022-05-20 11:15:59.919310,BTC-USD,-3.6632725472739
2022-05-20 09:15:59.919310,BTC-USD,-3.6632725472739
2022-05-20 07:15:59.919310,BTC-USD,-3.6632725472739
2022-05-20 05:15:59.919310,BTC-USD,-3.6632725472739
2022-05-20 04:15:59.919310,BTC-USD,-3.6632725472739
2022-05-20 03:15:59.919310,BTC-USD,-3.6632725472739
2022-05-20 02:15:59.919310,BTC-USD,-3.6632725472739
2022-05-20 01:15:59.919310,BTC-USD,-3.6632725472739
2022-05-19 22:15:59.919310,BTC-USD,5.5499814210629115
2022-05-19 21:15:59.919310,BTC-USD,5.5499814210629115
2022-05-19 17:15:59.919310,BTC-USD,5.5499814210629115
2022-05-19 16:15:59.919310,BTC-USD,5.5499814210629115
2022-05-19 12:15:59.919310,BTC-USD,5.5499814210629115
2022-05-19 10:15:59.919310,BTC-USD,5.5499814210629115
2022-05-19 08:15:59.919310,BTC-USD,5.5499814210629115
2022-05-19 07:15:59.919310,BTC-USD,5.5499814210629115
2022-05-19 06:15:59.919310,BTC-USD,5.5499814210629115
2022-05-18 21:15:59.919310,BTC-USD,-5.601433826958697
2022-05-18 19:15:59.919310,BTC-USD,-5.601433826958697
2022-05-18 16:15:59.919310,BTC-USD,-5.601433826958697
2022-05-18 14:15:59.919310,BTC-USD,-5.601433826958697
2022-05-18 07:15:59.919310,BTC-USD,-5.601433826958697
2022-05-18 06:15:59.919310,BTC-USD,-5.601433826958697
2022-05-18 05:15:59.919310,BTC-USD,-5.601433826958697
2022-05-18 00:15:59.919310,BTC-USD,-5.601433826958697
2022-05-17 20:15:59.919310,BTC-USD,1.8868177506562815
2022-05-17 19:15:59.919310,BTC-USD,1.8868177506562815
2022-05-17 17:15:59.919310,BTC-USD,1.8868177506562815
2022-05-17 16:15:59.919310,BTC-USD,1.8868177506562815
2022-05-17 12:15:59.919310,BTC-USD,1.8868177506562815
2022-05-17 09:15:59.919310,BTC-USD,1.8868177506562815
2022-05-17 07:15:59.919310,BTC-USD,1.8868177506562815
2022-05-17 06:15:59.919310,BTC-USD,1.8868177506562815
2022-05-17 04:15:59.919310,BTC-USD,1.8868177506562815
2022-05-17 03:15:59.919310,BTC-USD,1.8868177506562815
2022-05-17 02:15:59.919310,BTC-USD,1.8868177506562815
2022-05-16 23:15:59.919310,BTC-USD,-4.604650408289576
2022-05-16 22:15:59.919310,BTC-USD,-4.604650408289576
2022-05-16 20:15:59.919310,BTC-USD,-4.604650408289576
2022-05-16 19:15:59.919310,BTC-USD,-4.604650408289576
2022-05-16 18:15:59.919310,BTC-USD,-4.604650408289576
2022-05-16 15:15:59.919310,BTC-USD,-4.604650408289576
2022-05-16 14:15:59.919310,BTC-USD,-4.604650408289576
2022-05-16 12:15:59.919310,BTC-USD,-4.604650408289576
2022-05-16 07:15:59.919310,BTC-USD,-4.604650408289576
2022-05-16 06:15:59.919310,BTC-USD,-4.604650408289576
2022-05-16 05:15:59.919310,BTC-USD,-4.604650408289576
2022-05-16 03:15:59.919310,BTC-USD,-4.604650408289576
2022-05-15 23:15:59.919310,BTC-USD,4.008584809450403
2022-05-15 22:15:59.919310,BTC-USD,4.008584809450403
2022-05-15 19:15:59.919310,BTC-USD,4.008584809450403
2022-05-15 18:15:59.919310,BTC-USD,4.008584809450403
2022-05-15 14:15:59.919310,BTC-USD,4.008584809450403
2022-05-15 12:15:59.919310,BTC-USD,4.008584809450403
2022-05-15 09:15:59.919310,BTC-USD,4.008584809450403
2022-05-15 08:15:59.919310,BTC-USD,4.008584809450403
2022-05-15 07:15:59.919310,BTC-USD,4.008584809450403
2022-05-15 04:15:59.919310,BTC-USD,4.008584809450403
2022-05-15 01:15:59.919310,BTC-USD,4.008584809450403
2022-05-15 00:15:59.919310,BTC-USD,4.008584809450403
2022-05-14 22:15:59.919310,BTC-USD,2.785061125768953
2022-05-14 21:15:59.919310,BTC-USD,2.785061125768953
2022-05-14 19:15:59.919310,BTC-USD,2.785061125768953
2022-05-14 15:15:59.919310,BTC-USD,2.785061125768953
2022-05-14 14:15:59.919310,BTC-USD,2.785061125768953
2022-05-14 13:15:59.919310,BTC-USD,2.785061125768953
2022-05-14 09:15:59.919310,BTC-USD,2.785061125768953
2022-05-14 07:15:59.919310,BTC-USD,2.785061125768953
2022-05-14 04:15:59.919310,BTC-USD,2.785061125768953
2022-05-14 03:15:59.919310,BTC-USD,2.785061125768953
2022-05-14 01:15:59.919310,BTC-USD,2.785061125768953
2022-05-14 00:15:59.919310,BTC-USD,2.785061125768953
2022-05-13 22:15:59.919310,BTC-USD,0.8687063478810906
2022-05-13 19:15:59.919310,BTC-USD,0.8687063478810906
2022-05-13 16:15:59.919310,BTC-USD,0.8687063478810906
2022-05-13 15:15:59.919310,BTC-USD,0.8687063478810906
2022-05-13 13:15:59.919310,BTC-USD,0.8687063478810906
2022-05-13 11:15:59.919310,BTC-USD,0.8687063478810906
2022-05-13 06:15:59.919310,BTC-USD,0.8687063478810906
2022-05-13 05:15:59.919310,BTC-USD,0.8687063478810906
2022-05-13 02:15:59.919310,BTC-USD,0.8687063478810906
2022-05-13 01:15:59.919310,BTC-USD,0.8687063478810906
2022-05-13 00:15:59.919310,BTC-USD,0.8687063478810906
2022-05-12 19:15:59.919310,BTC-USD,0.38365620904656766
2022-05-12 18:15:59.919310,BTC-USD,0.38365620904656766
2022-05-12 17:15:59.919310,BTC-USD,0.38365620904656766
2022-05-12 16:15:59.919310,BTC-USD,0.38365620904656766
2022-05-12 15:15:59.919310,BTC-USD,0.38365620904656766
2022-05-12 14:15:59.919310,BTC-USD,0.38365620904656766
2022-05-12 10:15:59.919310,BTC-USD,0.38365620904656766
2022-05-12 09:15:59.919310,BTC-USD,0.38365620904656766
2022-05-12 08:15:59.919310,BTC-USD,0.38365620904656766
2022-05-12 06:15:59.919310,BTC-USD,0.38365620904656766
2022-05-12 05:15:59.919310,BTC-USD,0.38365620904656766
2022-05-12 04:15:59.919310,BTC-USD,0.38365620904656766
2022-05-12 03:15:59.919310,BTC-USD,0.38365620904656766
2022-05-11 23:15:59.919310,BTC-USD,-6.7056223042834375
2022-05-11 19:15:59.919310,BTC-USD,-6.7056223042834375
2022-05-11 15:15:59.919310,BTC-USD,-6.7056223042834375
2022-05-11 13:15:59.919310,BTC-USD,-6.7056223042834375
2022-05-11 12:15:59.919310,BTC-USD,-6.7056223042834375
2022-05-11 11:15:59.919310,BTC-USD,-6.7056223042834375
2022-05-11 10:15:59.919310,BTC-USD,-6.7056223042834375
2022-05-11 07:15:59.919310,BTC-USD,-6.7056223042834375
2022-05-11 01:15:59.919310,BTC-USD,-6.7056223042834375
2022-05-11 00:15:59.919310,BTC-USD,-6.7056223042834375
2022-05-10 23:15:59.919310,BTC-USD,2.474930663399765
2022-05-10 21:15:59.919310,BTC-USD,2.474930663399765
2022-05-10 20:15:59.919310,BTC-USD,2.474930663399765
2022-05-10 19:15:59.919310,BTC-USD,2.474930663399765
2022-05-10 18:15:59.919310,BTC-USD,2.474930663399765
2022-05-10 17:15:59.919310,BTC-USD,2.474930663399765
2022-05-10 13:15:59.919310,BTC-USD,2.474930663399765
2022-05-10 12:15:59.919310,BTC-USD,2.474930663399765
2022-05-10 11:15:59.919310,BTC-USD,2.474930663399765
2022-05-10 10:15:59.919310,BTC-USD,2.474930663399765
2022-05-10 08:15:59.919310,BTC-USD,2.474930663399765
2022-05-10 06:15:59.919310,BTC-USD,2.474930663399765
2022-05-10 01:15:59.919310,BTC-USD,2.474930663399765
2022-05-10 00:15:59.919310,BTC-USD,2.474930663399765
2022-05-09 21:15:59.919310,BTC-USD,-11.048328754253177
2022-05-09 17:15:59.919310,BTC-USD,-11.048328754253177
2022-05-09 15:15:59.919310,BTC-USD,-11.048328754253177
2022-05-09 14:15:59.919310,BTC-USD,-11.048328754253177
2022-05-09 13:15:59.919310,BTC-USD,-11.048328754253177
2022-05-09 12:15:59.919310,BTC-USD,-11.048328754253177
2022-05-09 08:15:59.919310,BTC-USD,-11.048328754253177
2022-05-09 07:15:59.919310,BTC-USD,-11.048328754253177
2022-05-09 05:15:59.919310,BTC-USD,-11.048328754253177
2022-05-09 04:15:59.919310,BTC-USD,-11.048328754253177
2022-05-09 02:15:59.919310,BTC-USD,-11.048328754253177
2022-05-08 23:15:59.919310,BTC-USD,-4.066355417514371
2022-05-08 19:15:59.919310,BTC-USD,-4.066355417514371
2022-05-08 17:15:59.919310,BTC-USD,-4.066355417514371
2022-05-08 11:15:59.919310,BTC-USD,-4.066355417514371
2022-05-08 06:15:59.919310,BTC-USD,-4.066355417514371
2022-05-08 05:15:59.919310,BTC-USD,-4.066355417514371
2022-05-08 04:15:59.919310,BTC-USD,-4.066355417514371
2022-05-07 23:15:59.919310,BTC-USD,-1.4997592360842196
2022-05-07 20:15:59.919310,BTC-USD,-1.4997592360842196
2022-05-07 17:15:59.919310,BTC-USD,-1.4997592360842196
2022-05-07 12:15:59.919310,BTC-USD,-1.4997592360842196
2022-05-07 11:15:59.919310,BTC-USD,-1.4997592360842196
2022-05-07 09:15:59.919310,BTC-USD,-1.4997592360842196
2022-05-07 05:15:59.919310,BTC-USD,-1.4997592360842196
2022-05-07 04:15:59.919310,BTC-USD,-1.4997592360842196
2022-05-06 19:15:59.919310,BTC-USD,-1.4553332973751794
2022-05-06 14:15:59.919310,BTC-USD,-1.4553332973751794
2022-05-06 13:15:59.919310,BTC-USD,-1.4553332973751794
2022-05-06 12:15:59.919310,BTC-USD,-1.4553332973751794
2022-05-06 06:15:59.919310,BTC-USD,-1.4553332973751794
2022-05-06 05:15:59.919310,BTC-USD,-1.4553332973751794
2022-05-06 04:15:59.919310,BTC-USD,-1.4553332973751794
2022-05-06 02:15:59.919310,BTC-USD,-1.4553332973751794
2022-05-06 00:15:59.919310,BTC-USD,-1.4553332973751794
2022-05-05 19:15:59.919310,BTC-USD,-7.861309525156732
2022-05-05 13:15:59.919310,BTC-USD,-7.861309525156732
2022-05-05 11:15:59.919310,BTC-USD,-7.861309525156732
2022-05-05 10:15:59.919310,BTC-USD,-7.861309525156732
2022-05-05 09:15:59.919310,BTC-USD,-7.861309525156732
2022-05-05 08:15:59.919310,BTC-USD,-7.861309525156732
2022-05-05 04:15:59.919310,BTC-USD,-7.861309525156732
2022-05-05 02:15:59.919310,BTC-USD,-7.861309525156732
2022-05-04 23:15:59.919310,BTC-USD,5.166787033795551
2022-05-04 22:15:59.919310,BTC-USD,5.166787033795551
2022-05-04 21:15:59.919310,BTC-USD,5.166787033795551
2022-05-04 18:15:59.919310,BTC-USD,5.166787033795551
2022-05-04 17:15:59.919310,BTC-USD,5.166787033795551
2022-05-04 15:15:59.919310,BTC-USD,5.166787033795551
2022-05-04 08:15:59.919310,BTC-USD,5.166787033795551
2022-05-04 04:15:59.919310,BTC-USD,5.166787033795551
2022-05-04 02:15:59.919310,BTC-USD,5.166787033795551
2022-05-04 01:15:59.919310,BTC-USD,5.166787033795551
2022-05-03 22:15:59.919310,BTC-USD,-2.018412693005391
2022-05-03 18:15:59.919310,BTC-USD,-2.018412693005391
2022-05-03 11:15:59.919310,BTC-USD,-2.018412693005391
2022-05-03 10:15:59.919310,BTC-USD,-2.018412693005391
2022-05-03 08:15:59.919310,BTC-USD,-2.018412693005391
2022-05-03 06:15:59.919310,BTC-USD,-2.018412693005391
2022-05-03 04:15:59.919310,BTC-USD,-2.018412693005391
2022-05-03 02:15:59.919310,BTC-USD,-2.018412693005391
2022-05-03 01:15:59.919310,BTC-USD,-2.018412693005391
2022-05-02 22:15:59.919310,BTC-USD,0.14852450227843167
2022-05-02 20:15:59.919310,BTC-USD,0.14852450227843167
2022-05-02 19:15:59.919310,BTC-USD,0.14852450227843167
2022-05-02 16:15:59.919310,BTC-USD,0.14852450227843167
2022-05-02 13:15:59.919310,BTC-USD,0.14852450227843167
2022-05-02 11:15:59.919310,BTC-USD,0.14852450227843167
2022-05-02 10:15:59.919310,BTC-USD,0.14852450227843167
2022-05-02 09:15:59.919310,BTC-USD,0.14852450227843167
2022-05-02 06:15:59.919310,BTC-USD,0.14852450227843167
2022-05-02 05:15:59.919310,BTC-USD,0.14852450227843167
2022-05-01 23:15:59.919310,BTC-USD,2.004143933107092
2022-05-01 22:15:59.919310,BTC-USD,2.004143933107092
2022-05-01 20:15:59.919310,BTC-USD,2.004143933107092
2022-05-01 19:15:59.919310,BTC-USD,2.004143933107092
2022-05-01 18:15:59.919310,BTC-USD,2.004143933107092
2022-05-01 14:15:59.919310,BTC-USD,2.004143933107092
2022-05-01 13:15:59.919310,BTC-USD,2.004143933107092
2022-05-01 11:15:59.919310,BTC-USD,2.004143933107092
2022-05-01 09:15:59.919310,BTC-USD,2.004143933107092
2022-05-01 07:15:59.919310,BTC-USD,2.004143933107092
2022-05-01 05:15:59.919310,BTC-USD,2.004143933107092
2022-05-01 03:15:59.919310,BTC-USD,2.004143933107092
2022-05-01 01:15:59.919310,BTC-USD,2.004143933107092
2022-05-01 00:15:59.919310,BTC-USD,2.004143933107092
2022-04-30 22:15:59.919310,BTC-USD,-2.307899343323451
2022-04-30 20:15:59.919310,BTC-USD,-2.307899343323451
2022-04-30 17:15:59.919310,BTC-USD,-2.307899343323451
2022-04-30 13:15:59.919310,BTC-USD,-2.307899343323451
2022-04-30 11:15:59.919310,BTC-USD,-2.307899343323451
2022-04-30 03:15:59.919310,BTC-USD,-2.307899343323451
2022-04-30 02:15:59.919310,BTC-USD,-2.307899343323451
2022-04-29 23:15:59.919310,BTC-USD,-2.913837721051638
2022-04-29 20:15:59.919310,BTC-USD,-2.913837721051638
2022-04-29 17:15:59.919310,BTC-USD,-2.913837721051638
2022-04-29 16:15:59.919310,BTC-USD,-2.913837721051638
2022-04-29 14:15:59.919310,BTC-USD,-2.913837721051638
2022-04-29 13:15:59.919310,BTC-USD,-2.913837721051638
2022-04-29 11:15:59.919310,BTC-USD,-2.913837721051638
2022-04-29 10:15:59.919310,BTC-USD,-2.913837721051638
2022-04-29 06:15:59.919310,BTC-USD,-2.913837721051638
2022-04-29 05:15:59.919310,BTC-USD,-2.913837721051638
2022-04-29 04:15:59.919310,BTC-USD,-2.913837721051638
2022-04-29 03:15:59.919310,BTC-USD,-2.913837721051638
2022-04-28 23:15:59.919310,BTC-USD,1.35672538370739
2022-04-28 18:15:59.919310,BTC-USD,1.35672538370739
2022-04-28 17:15:59.919310,BTC-USD,1.35672538370739
2022-04-28 10:15:59.919310,BTC-USD,1.35672538370739
2022-04-28 08:15:59.919310,BTC-USD,1.35672538370739
2022-04-28 05:15:59.919310,BTC-USD,1.35672538370739
2022-04-28 02:15:59.919310,BTC-USD,1.35672538370739
2022-04-28 01:15:59.919310,BTC-USD,1.35672538370739
2022-04-27 23:15:59.919310,BTC-USD,2.9402189634644516
2022-04-27 22:15:59.919310,BTC-USD,2.9402189634644516
2022-04-27 21:15:59.919310,BTC-USD,2.9402189634644516
2022-04-27 20:15:59.919310,BTC-USD,2.9402189634644516
2022-04-27 18:15:59.919310,BTC-USD,2.9402189634644516
2022-04-27 17:15:59.919310,BTC-USD,2.9402189634644516
2022-04-27 16:15:59.919310,BTC-USD,2.9402189634644516
2022-04-27 13:15:59.919310,BTC-USD,2.9402189634644516
2022-04-27 11:15:59.919310,BTC-USD,2.9402189634644516
2022-04-27 10:15:59.919310,BTC-USD,2.9402189634644516
2022-04-27 07:15:59.919310,BTC-USD,2.9402189634644516
2022-04-27 06:15:59.919310,BTC-USD,2.9402189634644516
2022-04-27 04:15:59.919310,BTC-USD,2.9402189634644516
2022-04-26 23:15:59.919310,BTC-USD,-5.762798224127255
2022-04-26 22:15:59.919310,BTC-USD,-5.762798224127255
2022-04-26 21:15:59.919310,BTC-USD,-5.762798224127255
2022-04-26 18:15:59.919310,BTC-USD,-5.762798224127255
2022-04-26 15:15:59.919310,BTC-USD,-5.762798224127255
2022-04-26 14:15:59.919310,BTC-USD,-5.762798224127255
2022-04-26 13:15:59.919310,BTC-USD,-5.762798224127255
2022-04-26 07:15:59.919310,BTC-USD,-5.762798224127255
2022-04-26 02:15:59.919310,BTC-USD,-5.762798224127255
2022-04-25 22:15:59.919310,BTC-USD,2.497182826657768
2022-04-25 18:15:59.919310,BTC-USD,2.497182826657768
2022-04-25 15:15:59.919310,BTC-USD,2.497182826657768
2022-04-25 14:15:59.919310,BTC-USD,2.497182826657768
2022-04-25 13:15:59.919310,BTC-USD,2.497182826657768
2022-04-25 12:15:59.919310,BTC-USD,2.497182826657768
2022-04-25 11:15:59.919310,BTC-USD,2.497182826657768
2022-04-25 09:15:59.919310,BTC-USD,2.497182826657768
2022-04-25 07:15:59.919310,BTC-USD,2.497182826657768
2022-04-25 04:15:59.919310,BTC-USD,2.497182826657768
2022-04-25 01:15:59.919310,BTC-USD,2.497182826657768
2022-04-24 23:15:59.919310,BTC-USD,-0.023005078729810943
2022-04-24 22:15:59.919310,BTC-USD,-0.023005078729810943
2022-04-24 18:15:59.919310,BTC-USD,-0.023005078729810943
2022-04-24 14:15:59.919310,BTC-USD,-0.023005078729810943
2022-04-24 13:15:59.919310,BTC-USD,-0.023005078729810943
2022-04-24 10:15:59.919310,BTC-USD,-0.023005078729810943
2022-04-24 09:15:59.919310,BTC-USD,-0.023005078729810943
2022-04-24 08:15:59.919310,BTC-USD,-0.023005078729810943
2022-04-24 06:15:59.919310,BTC-USD,-0.023005078729810943
2022-04-24 05:15:59.919310,BTC-USD,-0.023005078729810943
2022-04-24 04:15:59.919310,BTC-USD,-0.023005078729810943
2022-04-24 00:15:59.919310,BTC-USD,-0.023005078729810943
2022-04-23 22:15:59.919310,BTC-USD,-0.6341225149076787
2022-04-23 21:15:59.919310,BTC-USD,-0.6341225149076787
2022-04-23 16:15:59.919310,BTC-USD,-0.6341225149076787
2022-04-23 15:15:59.919310,BTC-USD,-0.6341225149076787
2022-04-23 14:15:59.919310,BTC-USD,-0.6341225149076787
2022-04-23 09:15:59.919310,BTC-USD,-0.6341225149076787
2022-04-23 08:15:59.919310,BTC-USD,-0.6341225149076787
2022-04-23 06:15:59.919310,BTC-USD,-0.6341225149076787
2022-04-23 05:15:59.919310,BTC-USD,-0.6341225149076787
2022-04-23 03:15:59.919310,BTC-USD,-0.6341225149076787
2022-04-23 00:15:59.919310,BTC-USD,-0.6341225149076787
2022-04-22 20:15:59.919310,BTC-USD,-1.9383744235090612
2022-04-22 19:15:59.919310,BTC-USD,-1.9383744235090612
2022-04-22 18:15:59.919310,BTC-USD,-1.9383744235090612
2022-04-22 15:15:59.919310,BTC-USD,-1.9383744235090612
2022-04-22 13:15:59.919310,BTC-USD,-1.9383744235090612
2022-04-22 11:15:59.919310,BTC-USD,-1.9383744235090612
2022-04-22 10:15:59.919310,BTC-USD,-1.9383744235090612
2022-04-22 09:15:59.919310,BTC-USD,-1.9383744235090612
2022-04-22 08:15:59.919310,BTC-USD,-1.9383744235090612
2022-04-22 07:15:59.919310,BTC-USD,-1.9383744235090612
2022-04-22 04:15:59.919310,BTC-USD,-1.9383744235090612
2022-04-22 02:15:59.919310,BTC-USD,-1.9383744235090612
2022-04-21 23:15:59.919310,BTC-USD,-2.0404191893803745
2022-04-21 21:15:59.919310,BTC-USD,-2.0404191893803745
2022-04-21 16:15:59.919310,BTC-USD,-2.0404191893803745
2022-04-21 12:15:59.919310,BTC-USD,-2.0404191893803745
2022-04-21 11:15:59.919310,BTC-USD,-2.0404191893803745
2022-04-21 10:15:59.919310,BTC-USD,-2.0404191893803745
2022-04-21 09:15:59.919310,BTC-USD,-2.0404191893803745
2022-04-21 07:15:59.919310,BTC-USD,-2.0404191893803745
2022-04-21 06:15:59.919310,BTC-USD,-2.0404191893803745
2022-04-21 03:15:59.919310,BTC-USD,-2.0404191893803745
2022-04-21 02:15:59.919310,BTC-USD,-2.0404191893803745
2022-04-21 01:15:59.919310,BTC-USD,-2.0404191893803745
2022-04-21 00:15:59.919310,BTC-USD,-2.0404191893803745
2022-04-20 19:15:59.919310,BTC-USD,-0.3068959730327611
2022-04-20 16:15:59.919310,BTC-USD,-0.3068959730327611
2022-04-20 15:15:59.919310,BTC-USD,-0.3068959730327611
2022-04-20 14:15:59.919310,BTC-USD,-0.3068959730327611
2022-04-20 12:15:59.919310,BTC-USD,-0.3068959730327611
2022-04-20 11:15:59.919310,BTC-USD,-0.3068959730327611
2022-04-20 10:15:59.919310,BTC-USD,-0.3068959730327611
2022-04-20 07:15:59.919310,BTC-USD,-0.3068959730327611
2022-04-20 04:15:59.919310,BTC-USD,-0.3068959730327611
2022-04-20 02:15:59.919310,BTC-USD,-0.3068959730327611
2022-04-19 22:15:59.919310,BTC-USD,1.6522271834143336
2022-04-19 17:15:59.919310,BTC-USD,1.6522271834143336
2022-04-19 14:15:59.919310,BTC-USD,1.6522271834143336
2022-04-19 13:15:59.919310,BTC-USD,1.6522271834143336
2022-04-19 12:15:59.919310,BTC-USD,1.6522271834143336
2022-04-19 11:15:59.919310,BTC-USD,1.6522271834143336
2022-04-19 09:15:59.919310,BTC-USD,1.6522271834143336
2022-04-19 07:15:59.919310,BTC-USD,1.6522271834143336
2022-04-19 06:15:59.919310,BTC-USD,1.6522271834143336
2022-04-19 02:15:59.919310,BTC-USD,1.6522271834143336
2022-04-19 01:15:59.919310,BTC-USD,1.6522271834143336
2022-04-19 00:15:59.919310,BTC-USD,1.6522271834143336
2022-04-18 22:15:59.919310,BTC-USD,2.781919055353387
2022-04-18 21:15:59.919310,BTC-USD,2.781919055353387
2022-04-18 20:15:59.919310,BTC-USD,2.781919055353387
2022-04-18 19:15:59.919310,BTC-USD,2.781919055353387
2022-04-18 17:15:59.919310,BTC-USD,2.781919055353387
2022-04-18 16:15:59.919310,BTC-USD,2.781919055353387
2022-04-18 15:15:59.919310,BTC-USD,2.781919055353387
2022-04-18 10:15:59.919310,BTC-USD,2.781919055353387
2022-04-18 09:15:59.919310,BTC-USD,2.781919055353387
2022-04-18 08:15:59.919310,BTC-USD,2.781919055353387
2022-04-18 06:15:59.919310,BTC-USD,2.781919055353387
2022-04-18 05:15:59.919310,BTC-USD,2.781919055353387
2022-04-18 03:15:59.919310,BTC-USD,2.781919055353387
2022-04-18 01:15:59.919310,BTC-USD,2.781919055353387
2022-04-17 20:15:59.919310,BTC-USD,-1.7339504168909274
2022-04-17 18:15:59.919310,BTC-USD,-1.7339504168909274
2022-04-17 16:15:59.919310,BTC-USD,-1.7339504168909274
2022-04-17 13:15:59.919310,BTC-USD,-1.7339504168909274
2022-04-17 08:15:59.919310,BTC-USD,-1.7339504168909274
2022-04-17 07:15:59.919310,BTC-USD,-1.7339504168909274
2022-04-17 06:15:59.919310,BTC-USD,-1.7339504168909274
2022-04-17 04:15:59.919310,BTC-USD,-1.7339504168909274
2022-04-17 02:15:59.919310,BTC-USD,-1.7339504168909274
2022-04-17 00:15:59.919310,BTC-USD,-1.7339504168909274
2022-04-16 23:15:59.919310,BTC-USD,-0.31522744587359325
2022-04-16 22:15:59.919310,BTC-USD,-0.31522744587359325
2022-04-16 20:15:59.919310,BTC-USD,-0.31522744587359325
2022-04-16 18:15:59.919310,BTC-USD,-0.31522744587359325
2022-04-16 17:15:59.919310,BTC-USD,-0.31522744587359325
2022-04-16 14:15:59.919310,BTC-USD,-0.31522744587359325
2022-04-16 10:15:59.919310,BTC-USD,-0.31522744587359325
2022-04-16 07:15:59.919310,BTC-USD,-0.31522744587359325
2022-04-16 06:15:59.919310,BTC-USD,-0.31522744587359325
2022-04-16 05:15:59.919310,BTC-USD,-0.31522744587359325
2022-04-16 01:15:59.919310,BTC-USD,-0.31522744587359325
2022-04-16 00:15:59.919310,BTC-USD,-0.31522744587359325
2022-04-15 21:15:59.919310,BTC-USD,1.5374854503702728
2022-04-15 17:15:59.919310,BTC-USD,1.5374854503702728
2022-04-15 15:15:59.919310,BTC-USD,1.5374854503702728
2022-04-15 14:15:59.919310,BTC-USD,1.5374854503702728
2022-04-15 13:15:59.919310,BTC-USD,1.5374854503702728
2022-04-15 11:15:59.919310,BTC-USD,1.5374854503702728
2022-04-15 06:15:59.919310,BTC-USD,1.5374854503702728
2022-04-15 02:15:59.919310,BTC-USD,1.5374854503702728
2022-04-15 00:15:59.919310,BTC-USD,1.5374854503702728
2022-04-14 21:15:59.919310,BTC-USD,-2.9754533921178443
2022-04-14 20:15:59.919310,BTC-USD,-2.9754533921178443
2022-04-14 15:15:59.919310,BTC-USD,-2.9754533921178443
2022-04-14 12:15:59.919310,BTC-USD,-2.9754533921178443
2022-04-14 08:15:59.919310,BTC-USD,-2.9754533921178443
2022-04-14 07:15:59.919310,BTC-USD,-2.9754533921178443
2022-04-14 05:15:59.919310,BTC-USD,-2.9754533921178443
2022-04-14 03:15:59.919310,BTC-USD,-2.9754533921178443
2022-04-14 02:15:59.919310,BTC-USD,-2.9754533921178443
2022-04-14 01:15:59.919310,BTC-USD,-2.9754533921178443
2022-04-13 23:15:59.919310,BTC-USD,2.5998687258521866
2022-04-13 18:15:59.919310,BTC-USD,2.5998687258521866
2022-04-13 17:15:59.919310,BTC-USD,2.5998687258521866
2022-04-13 15:15:59.919310,BTC-USD,2.5998687258521866
2022-04-13 12:15:59.919310,BTC-USD,2.5998687258521866
2022-04-13 09:15:59.919310,BTC-USD,2.5998687258521866
2022-04-13 08:15:59.919310,BTC-USD,2.5998687258521866
2022-04-13 06:15:59.919310,BTC-USD,2.5998687258521866
2022-04-13 05:15:59.919310,BTC-USD,2.5998687258521866
2022-04-12 22:15:59.919310,BTC-USD,1.5011712214386634
2022-04-12 21:15:59.919310,BTC-USD,1.5011712214386634
2022-04-12 20:15:59.919310,BTC-USD,1.5011712214386634
2022-04-12 19:15:59.919310,BTC-USD,1.5011712214386634
2022-04-12 14:15:59.919310,BTC-USD,1.5011712214386634
2022-04-12 13:15:59.919310,BTC-USD,1.5011712214386634
2022-04-12 10:15:59.919310,BTC-USD,1.5011712214386634
2022-04-12 08:15:59.919310,BTC-USD,1.5011712214386634
2022-04-12 06:15:59.919310,BTC-USD,1.5011712214386634
2022-04-12 05:15:59.919310,BTC-USD,1.5011712214386634
2022-04-12 04:15:59.919310,BTC-USD,1.5011712214386634
2022-04-12 03:15:59.919310,BTC-USD,1.5011712214386634
2022-04-12 02:15:59.919310,BTC-USD,1.5011712214386634
2022-04-12 00:15:59.919310,BTC-USD,1.5011712214386634
2022-04-11 22:15:59.919310,BTC-USD,-6.348508895200855
2022-04-11 21:15:59.919310,BTC-USD,-6.348508895200855
2022-04-11 20:15:59.919310,BTC-USD,-6.348508895200855
2022-04-11 17:15:59.919310,BTC-USD,-6.348508895200855
2022-04-11 12:15:59.919310,BTC-USD,-6.348508895200855
2022-04-11 10:15:59.919310,BTC-USD,-6.348508895200855
2022-04-11 07:15:59.919310,BTC-USD,-6.348508895200855
2022-04-11 05:15:59.919310,BTC-USD,-6.348508895200855
2022-04-10 19:15:59.919310,BTC-USD,-1.3403538125005765
2022-04-10 12:15:59.919310,BTC-USD,-1.3403538125005765
2022-04-10 11:15:59.919310,BTC-USD,-1.3403538125005765
2022-04-10 10:15:59.919310,BTC-USD,-1.3403538125005765
2022-04-10 09:15:59.919310,BTC-USD,-1.3403538125005765
2022-04-10 08:15:59.919310,BTC-USD,-1.3403538125005765
2022-04-10 05:15:59.919310,BTC-USD,-1.3403538125005765
2022-04-09 21:15:59.919310,BTC-USD,1.1826726970979504
2022-04-09 19:15:59.919310,BTC-USD,1.1826726970979504
2022-04-09 16:15:59.919310,BTC-USD,1.1826726970979504
2022-04-09 14:15:59.919310,BTC-USD,1.1826726970979504
2022-04-09 12:15:59.919310,BTC-USD,1.1826726970979504
2022-04-09 10:15:59.919310,BTC-USD,1.1826726970979504
2022-04-09 06:15:59.919310,BTC-USD,1.1826726970979504
2022-04-09 04:15:59.919310,BTC-USD,1.1826726970979504
2022-04-09 03:15:59.919310,BTC-USD,1.1826726970979504
2022-04-09 02:15:59.919310,BTC-USD,1.1826726970979504
2022-04-09 00:15:59.919310,BTC-USD,1.1826726970979504
2022-04-08 23:15:59.919310,BTC-USD,-2.7984572583248295
2022-04-08 22:15:59.919310,BTC-USD,-2.7984572583248295
2022-04-08 19:15:59.919310,BTC-USD,-2.7984572583248295
2022-04-08 17:15:59.919310,BTC-USD,-2.7984572583248295
2022-04-08 14:15:59.919310,BTC-USD,-2.7984572583248295
2022-04-08 13:15:59.919310,BTC-USD,-2.7984572583248295
2022-04-08 12:15:59.919310,BTC-USD,-2.7984572583248295
2022-04-08 08:15:59.919310,BTC-USD,-2.7984572583248295
2022-04-08 06:15:59.919310,BTC-USD,-2.7984572583248295
2022-04-07 18:15:59.919310,BTC-USD,0.6858708702192906
2022-04-07 17:15:59.919310,BTC-USD,0.6858708702192906
2022-04-07 16:15:59.919310,BTC-USD,0.6858708702192906
2022-04-07 14:15:59.919310,BTC-USD,0.6858708702192906
2022-04-07 10:15:59.919310,BTC-USD,0.6858708702192906
2022-04-07 07:15:59.919310,BTC-USD,0.6858708702192906
2022-04-07 05:15:59.919310,BTC-USD,0.6858708702192906
2022-04-07 03:15:59.919310,BTC-USD,0.6858708702192906
2022-04-07 02:15:59.919310,BTC-USD,0.6858708702192906
2022-04-06 20:15:59.919310,BTC-USD,-5.132616684199083
2022-04-06 19:15:59.919310,BTC-USD,-5.132616684199083
2022-04-06 16:15:59.919310,BTC-USD,-5.132616684199083
2022-04-06 15:15:59.919310,BTC-USD,-5.132616684199083
2022-04-06 14:15:59.919310,BTC-USD,-5.132616684199083
2022-04-06 10:15:59.919310,BTC-USD,-5.132616684199083
2022-04-06 08:15:59.919310,BTC-USD,-5.132616684199083
2022-04-06 06:15:59.919310,BTC-USD,-5.132616684199083
2022-04-06 05:15:59.919310,BTC-USD,-5.132616684199083
2022-04-06 04:15:59.919310,BTC-USD,-5.132616684199083
2022-04-05 22:15:59.919310,BTC-USD,-2.2917467124736737
2022-04-05 20:15:59.919310,BTC-USD,-2.2917467124736737
2022-04-05 18:15:59.919310,BTC-USD,-2.2917467124736737
2022-04-05 16:15:59.919310,BTC-USD,-2.2917467124736737
2022-04-05 15:15:59.919310,BTC-USD,-2.2917467124736737
2022-04-05 12:15:59.919310,BTC-USD,-2.2917467124736737
2022-04-05 11:15:59.919310,BTC-USD,-2.2917467124736737
2022-04-05 10:15:59.919310,BTC-USD,-2.2917467124736737
2022-04-05 08:15:59.919310,BTC-USD,-2.2917467124736737
2022-04-05 07:15:59.919310,BTC-USD,-2.2917467124736737
2022-04-04 18:15:59.919310,BTC-USD,0.3819599511858294
2022-04-04 13:15:59.919310,BTC-USD,0.3819599511858294
2022-04-04 12:15:59.919310,BTC-USD,0.3819599511858294
2022-04-04 09:15:59.919310,BTC-USD,0.3819599511858294
2022-04-04 08:15:59.919310,BTC-USD,0.3819599511858294
2022-04-04 07:15:59.919310,BTC-USD,0.3819599511858294
2022-04-04 05:15:59.919310,BTC-USD,0.3819599511858294
2022-04-04 04:15:59.919310,BTC-USD,0.3819599511858294
2022-04-04 03:15:59.919310,BTC-USD,0.3819599511858294
2022-04-04 02:15:59.919310,BTC-USD,0.3819599511858294
2022-04-04 01:15:59.919310,BTC-USD,0.3819599511858294
2022-04-04 00:15:59.919310,BTC-USD,0.3819599511858294
2022-04-03 21:15:59.919310,BTC-USD,1.2962250138139584
2022-04-03 19:15:59.919310,BTC-USD,1.2962250138139584
2022-04-03 17:15:59.919310,BTC-USD,1.2962250138139584
2022-04-03 16:15:59.919310,BTC-USD,1.2962250138139584
2022-04-03 12:15:59.919310,BTC-USD,1.2962250138139584
2022-04-03 10:15:59.919310,BTC-USD,1.2962250138139584
2022-04-03 09:15:59.919310,BTC-USD,1.2962250138139584
2022-04-03 06:15:59.919310,BTC-USD,1.2962250138139584
2022-04-03 04:15:59.919310,BTC-USD,1.2962250138139584
2022-04-03 03:15:59.919310,BTC-USD,1.2962250138139584
2022-04-03 01:15:59.919310,BTC-USD,1.2962250138139584
2022-04-02 23:15:59.919310,BTC-USD,-0.8999595580689418
2022-04-02 21:15:59.919310,BTC-USD,-0.8999595580689418
2022-04-02 20:15:59.919310,BTC-USD,-0.8999595580689418
2022-04-02 17:15:59.919310,BTC-USD,-0.8999595580689418
2022-04-02 16:15:59.919310,BTC-USD,-0.8999595580689418
2022-04-02 14:15:59.919310,BTC-USD,-0.8999595580689418
2022-04-02 13:15:59.919310,BTC-USD,-0.8999595580689418
2022-04-02 11:15:59.919310,BTC-USD,-0.8999595580689418
2022-04-02 07:15:59.919310,BTC-USD,-0.8999595580689418
2022-04-02 06:15:59.919310,BTC-USD,-0.8999595580689418
2022-04-02 05:15:59.919310,BTC-USD,-0.8999595580689418
2022-04-02 03:15:59.919310,BTC-USD,-0.8999595580689418
2022-04-02 00:15:59.919310,BTC-USD,-0.8999595580689418
2022-04-01 23:15:59.919310,BTC-USD,1.5969571250432821
2022-04-01 22:15:59.919310,BTC-USD,1.5969571250432821
2022-04-01 19:15:59.919310,BTC-USD,1.5969571250432821
2022-04-01 16:15:59.919310,BTC-USD,1.5969571250432821
2022-04-01 15:15:59.919310,BTC-USD,1.5969571250432821
2022-04-01 13:15:59.919310,BTC-USD,1.5969571250432821
2022-04-01 09:15:59.919310,BTC-USD,1.5969571250432821
2022-04-01 07:15:59.919310,BTC-USD,1.5969571250432821
2022-04-01 06:15:59.919310,BTC-USD,1.5969571250432821
2022-04-01 05:15:59.919310,BTC-USD,1.5969571250432821
2022-04-01 03:15:59.919310,BTC-USD,1.5969571250432821
2022-04-01 00:15:59.919310,BTC-USD,1.5969571250432821
2022-03-31 23:15:59.919310,BTC-USD,-3.237150675926364
2022-03-31 22:15:59.919310,BTC-USD,-3.237150675926364
2022-03-31 18:15:59.919310,BTC-USD,-3.237150675926364
2022-03-31 17:15:59.919310,BTC-USD,-3.237150675926364
2022-03-31 16:15:59.919310,BTC-USD,-3.237150675926364
2022-03-31 14:15:59.919310,BTC-USD,-3.237150675926364
2022-03-31 10:15:59.919310,BTC-USD,-3.237150675926364
2022-03-31 08:15:59.919310,BTC-USD,-3.237150675926364
2022-03-31 06:15:59.919310,BTC-USD,-3.237150675926364
2022-03-31 05:15:59.919310,BTC-USD,-3.237150675926364
2022-03-31 03:15:59.919310,BTC-USD,-3.237150675926364
2022-03-31 02:15:59.919310,BTC-USD,-3.237150675926364
2022-03-31 01:15:59.919310,BTC-USD,-3.237150675926364
2022-03-31 00:15:59.919310,BTC-USD,-3.237150675926364
2022-03-30 20:15:59.919310,BTC-USD,-0.8307209025031431
2022-03-30 18:15:59.919310,BTC-USD,-0.8307209025031431
2022-03-30 15:15:59.919310,BTC-USD,-0.8307209025031431
2022-03-30 14:15:59.919310,BTC-USD,-0.8307209025031431
2022-03-30 12:15:59.919310,BTC-USD,-0.8307209025031431
2022-03-30 11:15:59.919310,BTC-USD,-0.8307209025031431
2022-03-30 08:15:59.919310,BTC-USD,-0.8307209025031431
2022-03-30 06:15:59.919310,BTC-USD,-0.8307209025031431
2022-03-30 04:15:59.919310,BTC-USD,-0.8307209025031431
2022-03-30 03:15:59.919310,BTC-USD,-0.8307209025031431
2022-03-30 02:15:59.919310,BTC-USD,-0.8307209025031431
2022-03-30 00:15:59.919310,BTC-USD,-0.8307209025031431
2022-03-29 20:15:59.919310,BTC-USD,0.7755617317779692
2022-03-29 19:15:59.919310,BTC-USD,0.7755617317779692
2022-03-29 15:15:59.919310,BTC-USD,0.7755617317779692
2022-03-29 14:15:59.919310,BTC-USD,0.7755617317779692
2022-03-29 13:15:59.919310,BTC-USD,0.7755617317779692
2022-03-29 12:15:59.919310,BTC-USD,0.7755617317779692
2022-03-29 10:15:59.919310,BTC-USD,0.7755617317779692
2022-03-29 09:15:59.919310,BTC-USD,0.7755617317779692
2022-03-29 08:15:59.919310,BTC-USD,0.7755617317779692
2022-03-29 07:15:59.919310,BTC-USD,0.7755617317779692
2022-03-29 05:15:59.919310,BTC-USD,0.7755617317779692
2022-03-29 04:15:59.919310,BTC-USD,0.7755617317779692
2022-03-28 23:15:59.919310,BTC-USD,0.6538663754920787
2022-03-28 18:15:59.919310,BTC-USD,0.6538663754920787
2022-03-28 16:15:59.919310,BTC-USD,0.6538663754920787
2022-03-28 13:15:59.919310,BTC-USD,0.6538663754920787
2022-03-28 10:15:59.919310,BTC-USD,0.6538663754920787
2022-03-28 09:15:59.919310,BTC-USD,0.6538663754920787
2022-03-28 08:15:59.919310,BTC-USD,0.6538663754920787
2022-03-28 05:15:59.919310,BTC-USD,0.6538663754920787
2022-03-28 04:15:59.919310,BTC-USD,0.6538663754920787
2022-03-28 03:15:59.919310,BTC-USD,0.6538663754920787
2022-03-28 02:15:59.919310,BTC-USD,0.6538663754920787
2022-03-28 00:15:59.919310,BTC-USD,0.6538663754920787
2022-03-27 20:15:59.919310,BTC-USD,5.201928384496564
2022-03-27 17:15:59.919310,BTC-USD,5.201928384496564
2022-03-27 15:15:59.919310,BTC-USD,5.201928384496564
2022-03-27 14:15:59.919310,BTC-USD,5.201928384496564
2022-03-27 12:15:59.919310,BTC-USD,5.201928384496564
2022-03-27 11:15:59.919310,BTC-USD,5.201928384496564
2022-03-27 08:15:59.919310,BTC-USD,5.201928384496564
2022-03-27 07:15:59.919310,BTC-USD,5.201928384496564
2022-03-27 05:15:59.919310,BTC-USD,5.201928384496564
2022-03-27 03:15:59.919310,BTC-USD,5.201928384496564
2022-03-27 00:15:59.919310,BTC-USD,5.201928384496564
2022-03-26 21:15:59.919310,BTC-USD,0.34040412332198067
2022-03-26 14:15:59.919310,BTC-USD,0.34040412332198067
2022-03-26 12:15:59.919310,BTC-USD,0.34040412332198067
2022-03-26 11:15:59.919310,BTC-USD,0.34040412332198067
2022-03-26 09:15:59.919310,BTC-USD,0.34040412332198067
2022-03-26 07:15:59.919310,BTC-USD,0.34040412332198067
2022-03-26 05:15:59.919310,BTC-USD,0.34040412332198067
2022-03-26 04:15:59.919310,BTC-USD,0.34040412332198067
2022-03-26 00:15:59.919310,BTC-USD,0.34040412332198067
2022-03-25 23:15:59.919310,BTC-USD,0.8738486372720065
2022-03-25 21:15:59.919310,BTC-USD,0.8738486372720065
2022-03-25 19:15:59.919310,BTC-USD,0.8738486372720065
2022-03-25 17:15:59.919310,BTC-USD,0.8738486372720065
2022-03-25 14:15:59.919310,BTC-USD,0.8738486372720065
2022-03-25 07:15:59.919310,BTC-USD,0.8738486372720065
2022-03-25 06:15:59.919310,BTC-USD,0.8738486372720065
2022-03-25 03:15:59.919310,BTC-USD,0.8738486372720065
2022-03-25 01:15:59.919310,BTC-USD,0.8738486372720065
2022-03-24 23:15:59.919310,BTC-USD,2.5049314676960517
2022-03-24 22:15:59.919310,BTC-USD,2.5049314676960517
2022-03-24 20:15:59.919310,BTC-USD,2.5049314676960517
2022-03-24 19:15:59.919310,BTC-USD,2.5049314676960517
2022-03-24 17:15:59.919310,BTC-USD,2.5049314676960517
2022-03-24 15:15:59.919310,BTC-USD,2.5049314676960517
2022-03-24 13:15:59.919310,BTC-USD,2.5049314676960517
2022-03-24 12:15:59.919310,BTC-USD,2.5049314676960517
2022-03-24 11:15:59.919310,BTC-USD,2.5049314676960517
2022-03-24 10:15:59.919310,BTC-USD,2.5049314676960517
2022-03-24 08:15:59.919310,BTC-USD,2.5049314676960517
2022-03-24 06:15:59.919310,BTC-USD,2.5049314676960517
2022-03-24 05:15:59.919310,BTC-USD,2.5049314676960517
2022-03-24 00:15:59.919310,BTC-USD,2.5049314676960517
2022-03-23 17:15:59.919310,BTC-USD,1.247694734696132
2022-03-23 16:15:59.919310,BTC-USD,1.247694734696132
2022-03-23 15:15:59.919310,BTC-USD,1.247694734696132
2022-03-23 13:15:59.919310,BTC-USD,1.247694734696132
2022-03-23 09:15:59.919310,BTC-USD,1.247694734696132
2022-03-23 07:15:59.919310,BTC-USD,1.247694734696132
2022-03-23 05:15:59.919310,BTC-USD,1.247694734696132
2022-03-23 02:15:59.919310,BTC-USD,1.247694734696132
2022-03-23 00:15:59.919310,BTC-USD,1.247694734696132
2022-03-22 19:15:59.919310,BTC-USD,3.1277689686448022
2022-03-22 16:15:59.919310,BTC-USD,3.1277689686448022
2022-03-22 15:15:59.919310,BTC-USD,3.1277689686448022
2022-03-22 12:15:59.919310,BTC-USD,3.1277689686448022
2022-03-22 08:15:59.919310,BTC-USD,3.1277689686448022
2022-03-22 06:15:59.919310,BTC-USD,3.1277689686448022
2022-03-22 03:15:59.919310,BTC-USD,3.1277689686448022
2022-03-21 23:15:59.919310,BTC-USD,-0.40764238314008605
2022-03-21 22:15:59.919310,BTC-USD,-0.40764238314008605
2022-03-21 21:15:59.919310,BTC-USD,-0.40764238314008605
2022-03-21 17:15:59.919310,BTC-USD,-0.40764238314008605
2022-03-21 16:15:59.919310,BTC-USD,-0.40764238314008605
2022-03-21 15:15:59.919310,BTC-USD,-0.40764238314008605
2022-03-21 14:15:59.919310,BTC-USD,-0.40764238314008605
2022-03-21 11:15:59.919310,BTC-USD,-0.40764238314008605
2022-03-21 08:15:59.919310,BTC-USD,-0.40764238314008605
2022-03-21 05:15:59.919310,BTC-USD,-0.40764238314008605
2022-03-21 02:15:59.919310,BTC-USD,-0.40764238314008605
2022-03-21 01:15:59.919310,BTC-USD,-0.40764238314008605
2022-03-20 23:15:59.919310,BTC-USD,-2.2364318118692714
2022-03-20 21:15:59.919310,BTC-USD,-2.2364318118692714
2022-03-20 19:15:59.919310,BTC-USD,-2.2364318118692714
2022-03-20 16:15:59.919310,BTC-USD,-2.2364318118692714
2022-03-20 15:15:59.919310,BTC-USD,-2.2364318118692714
2022-03-20 12:15:59.919310,BTC-USD,-2.2364318118692714
2022-03-20 09:15:59.919310,BTC-USD,-2.2364318118692714
2022-03-20 06:15:59.919310,BTC-USD,-2.2364318118692714
2022-03-20 03:15:59.919310,BTC-USD,-2.2364318118692714
2022-03-20 02:15:59.919310,BTC-USD,-2.2364318118692714
2022-03-19 21:15:59.919310,BTC-USD,0.9474990723804912
2022-03-19 20:15:59.919310,BTC-USD,0.9474990723804912
2022-03-19 18:15:59.919310,BTC-USD,0.9474990723804912
2022-03-19 16:15:59.919310,BTC-USD,0.9474990723804912
2022-03-19 15:15:59.919310,BTC-USD,0.9474990723804912
2022-03-19 13:15:59.919310,BTC-USD,0.9474990723804912
2022-03-19 11:15:59.919310,BTC-USD,0.9474990723804912
2022-03-19 10:15:59.919310,BTC-USD,0.9474990723804912
2022-03-19 09:15:59.919310,BTC-USD,0.9474990723804912
2022-03-19 08:15:59.919310,BTC-USD,0.9474990723804912
2022-03-19 07:15:59.919310,BTC-USD,0.9474990723804912
2022-03-19 06:15:59.919310,BTC-USD,0.9474990723804912
2022-03-19 04:15:59.919310,BTC-USD,0.9474990723804912
2022-03-19 03:15:59.919310,BTC-USD,0.9474990723804912
2022-03-19 01:15:59.919310,BTC-USD,0.9474990723804912
2022-03-18 23:15:59.919310,BTC-USD,2.091390293667767
2022-03-18 18:15:59.919310,BTC-USD,2.091390293667767
2022-03-18 16:15:59.919310,BTC-USD,2.091390293667767
2022-03-18 13:15:59.919310,BTC-USD,2.091390293667767
2022-03-18 12:15:59.919310,BTC-USD,2.091390293667767
2022-03-18 09:15:59.919310,BTC-USD,2.091390293667767
2022-03-18 05:15:59.919310,BTC-USD,2.091390293667767
2022-03-18 03:15:59.919310,BTC-USD,2.091390293667767
2022-03-18 02:15:59.919310,BTC-USD,2.091390293667767
2022-03-18 01:15:59.919310,BTC-USD,2.091390293667767
2022-03-18 00:15:59.919310,BTC-USD,2.091390293667767
2022-03-17 23:15:59.919310,BTC-USD,-0.4605273652171998
2022-03-17 21:15:59.919310,BTC-USD,-0.4605273652171998
2022-03-17 19:15:59.919300,BTC-USD,-0.4605273652171998
